Periodo,Tienda,JEq,JEqAA,JEqMeta,Prod,ProdAA,ProdMeta
202603,P010 Caminos del Inca - PVS,119.34553091397841,116.23979838709668,117.18897502469719,110399,111742,114549.61121360562
202601,P010 Caminos del Inca - PVS,118.0346774193548,118.13788978494615,117.18897502469719,100029,99216,107200.77565788459
202603,P123 El Chacarero - PVH,113.39538978494625,124.59134408602141,102.97612103755296,103607,81573,105455.03454863922
202604,P010 Caminos del Inca - PVS,110.81277083333498,111.65656249999994,117.18897502469719,112023,105546,104364.30202775045
202602,P010 Caminos del Inca - PVS,110.26927083333337,112.30656249999996,117.18897502469719,100519,96588,98099.93061955876
202605,P195 San Borja - PVH,110.01379704300595,107.14657258064513,102.59248347357834,85911,84392,91186.98140794411
202606,P123 El Chacarero - PVH,109.33275694444805,129.92870138888892,102.97612103755296,82770,58893,81145.52633860374
202604,P195 San Borja - PVH,109.28341666666851,107.01658333333337,102.59248347357834,83121,79311,87640.21067893927
202603,P195 San Borja - PVH,109.27870295698922,109.87614919354841,102.59248347357834,92132,91781,99470.2880492036
202605,P123 El Chacarero - PVH,109.0568010752642,135.31649193548384,102.97612103755296,91046,63348,90889.5218667911
202601,P081 La Molina - PVH,109.02208333333334,104.53055779569887,102.17544085783207,79893,87539,96325.75526729984
202602,P195 San Borja - PVH,108.80593750000004,109.21885416666672,102.59248347357834,77741,78222,85333.70971426634
202603,P081 La Molina - PVH,108.14153225806457,105.73222446236558,102.17544085783207,93110,97972,97530.84273319416
202603,P145 Piura - PVH,107.89403897849465,103.26453629032254,102.97612103755296,133787,135059,135161.8891143149
202602,P081 La Molina - PVH,107.85124999999996,103.82505208333338,102.17544085783207,77660,77838,87469.45013464979
202604,P123 El Chacarero - PVH,107.69893750000318,132.95187499999997,102.97612103755296,94534,67974,89866.16849284175
202601,P123 El Chacarero - PVH,106.46374327956991,77.51926075268815,102.97612103755296,88511,85167,79751.74011851821
202602,P123 El Chacarero - PVH,105.65171874999996,79.91338541666669,102.97612103755296,93776,92441,72374.25585959032
202605,P010 Caminos del Inca - PVS,105.08274865591244,120.38315860215056,117.18897502469719,121694,95624,103846.49919956453
202601,P195 San Borja - PVH,103.73444892473123,106.10226478494614,102.59248347357834,83388,81457,90924.202243358
202605,P145 Piura - PVH,103.51715725806167,111.32272177419355,102.97612103755296,104467,88848,101566.29016435651
202606,P195 San Borja - PVH,102.36882638889104,99.97764583333341,102.59248347357834,82506,85948,84933.44983255115
202606,P145 Piura - PVH,102.3508402777798,112.41090972222223,102.97612103755296,90818,77908,90076.662981094
202604,P145 Piura - PVH,102.31268055555788,117.96380555555555,102.97612103755296,108452,82244,99505.45643939411
202601,V290 Asia - VIV,99.35831989247308,96.07499999999999,96.1,53103,50043,51233.57578459939
202603,P126 Santa Clara - PVH,99.35168682795702,91.43533602150531,87.16666928327976,131416,120956,147423.7578051518
202602,P223 Cusco Mall - PVH,98.24973958333335,89.21515624999998,90.43989760689435,95202,88903,94958.94892903241
202601,P048 Higuereta - PVH,97.29440188172043,102.529065860215,90.06082213539496,90621,86079,107714.56035029294
202605,P048 Higuereta - PVH,97.27920698924652,82.39658602150543,90.06082213539496,97118,110744,100905.517266297
202606,P010 Caminos del Inca - PVS,97.18313888889054,118.63527083333344,117.18897502469719,121626,95583,100554.75198683646
202603,P229 Salaverry - PVH,97.12739919354843,87.94135752688169,90.28098269047439,103281,105616,107255.99946334741
202605,P081 La Molina - PVH,96.87162634408585,104.10486559139784,102.17544085783207,98608,89956,88605.4444658267
202601,P223 Cusco Mall - PVH,96.49758736559137,89.95018817204299,90.43989760689435,100627,103200,104104.19406846241
202603,P115 Huancayo - PVH,96.47359543010751,73.50352822580646,96.70800932222366,121745,64184,115386.39285004592
202603,P223 Cusco Mall - PVH,95.89035618279566,86.78400537634406,90.43989760689435,119167,121503,119568.63339234533
202602,V290 Asia - VIV,95.67755208333334,89.11697916666667,96.1,47691,49267,46169.14721436004
202602,P115 Huancayo - PVH,94.79890624999996,85.60583333333332,96.70800932222366,99490,77384,94681.16377094982
202603,P106 Valle Hermoso - PVH,94.13052419354838,97.08905913978488,88.41303453820571,87492,82909,93859.20599087732
202603,P723 Puruchuco - PVH,94.10761424731186,87.08366935483866,83.18443566120098,105964,88006,111233.83704237548
202601,2638 SJB Ayacucho - PVH,93.71273521505375,,84,55382,,63106.89068214286
202603,P064 Miraflores - PVH,93.41198924731185,105.83665994623654,98.00501470036954,102699,101253,112846.3307230982
202605,P119 Puente Piedra - PVH,93.11477150537611,88.7369489247312,86.39328487126737,119407,112007,120228.60825326118
202602,P048 Higuereta - PVH,93.11270833333329,99.7098958333333,90.06082213539496,92296,84677,97858.66739868786
202601,P145 Piura - PVH,92.96065860215047,100.61629704301075,102.97612103755296,105915,91678,92458.434258054
202601,P064 Miraflores - PVH,92.90919354838714,102.92305107526877,98.00501470036954,103414,95075,101902.16827917419
202604,P081 La Molina - PVH,92.63819444444569,105.02484027777781,102.17544085783207,99114,88422,86134.3781784661
202605,P115 Huancayo - PVH,91.84249327956799,99.57180107526877,96.70800932222366,115778,99481,99185.69500836298
202603,P119 Puente Piedra - PVH,91.78298387096778,94.0791532258064,86.39328487126737,144485,130998,142204.97606273938
202605,P229 Salaverry - PVH,91.7029166666667,83.86108198924724,90.28098269047439,104885,107420,102075.57540877689
202603,P048 Higuereta - PVH,91.55059139784942,100.69716397849457,90.06082213539496,110226,100366,114056.08013723641
202602,P229 Salaverry - PVH,91.4668229166667,88.18869791666667,90.28098269047439,94732,83940,90637.19484040765
202604,P115 Huancayo - PVH,91.2874375000016,99.14051388888886,96.70800932222366,114189,93766,97644.28278155022
202606,P048 Higuereta - PVH,91.25856250000179,82.23473611111116,90.06082213539496,96396,104612,93926.93543128847
202606,P081 La Molina - PVH,91.22832638889065,95.63745138888893,102.17544085783207,95406,78286,86731.16550610622
202602,P465 Sucre - PVH,91.0260416666667,84.94697916666668,87.68918414433637,94843,101225,103083.7535131045
202606,P115 Huancayo - PVH,90.98439583333543,100.0042361111111,96.70800932222366,101955,89614,93000.7083067233
202602,P145 Piura - PVH,90.89791666666663,107.52843749999995,102.97612103755296,127786,83319,100101.63634092303
202602,P126 Santa Clara - PVH,90.64473958333332,86.79390624999999,87.16666928327976,119002,89673,108284.24193226044
202603,V290 Asia - VIV,90.58827956989246,78.9843682795699,96.1,30476,35477,29810.388814776277
202601,P115 Huancayo - PVH,90.478434139785,93.2900537634408,96.70800932222366,108357,100241,103489.82257873937
202605,P223 Cusco Mall - PVH,90.19697580645128,81.33303763440864,90.43989760689435,117692,112608,105834.63492411494
202603,P146 Tacna - PVH,89.82975806451611,93.26874327956986,83.32149404806579,128144,115557,152834.02529188822
202604,P229 Salaverry - PVH,89.65522222222395,83.6061041666667,90.28098269047439,101623,102328,98771.10941151569
202604,P048 Higuereta - PVH,89.61297916666855,86.69854861111112,90.06082213539496,97714,101484,98193.367093686
202602,P061 Cortijo - PVH,89.57296875000004,94.31067708333335,85.91077884372821,86383,77592,91121.8656338779
202605,P723 Puruchuco - PVH,89.45322580645188,91.7525940860215,83.18443566120098,100366,86067,100813.75406759506
202602,P102 Chiclayo - PVH,89.25505208333334,92.71963541666666,87.75356401461035,114376,90420,107826.18398865969
202606,P119 Puente Piedra - PVH,89.18709722222388,88.01104861111105,86.39328487126737,103638,103181,110012.30028771533
202603,P147 Juliaca - PVH,89.15144489247312,87.04029569892475,81.93317456466171,133202,111589,145442.73742128012
202603,P102 Chiclayo - PVH,88.98392473118282,99.51299731182799,87.75356401461035,136369,112300,132233.0819836335
202605,P465 Sucre - PVH,88.90108198924642,78.28450940860212,87.68918414433637,109070,116346,104797.06014454384
202602,P106 Valle Hermoso - PVH,88.8113541666667,97.05375,88.41303453820571,77417,68621,82590.80379425907
202602,P723 Puruchuco - PVH,88.68947916666667,84.09994791666666,83.18443566120098,97344,68029,83857.24114677835
202604,P723 Puruchuco - PVH,88.45345833333536,89.57895138888897,83.18443566120098,96857,80139,90405.4680196339
202602,2638 SJB Ayacucho - PVH,88.14385416666664,,84,55258,,59438.87782500001
202606,P229 Salaverry - PVH,88.0743402777793,80.55697222222223,90.28098269047439,95019,103371,94721.10312886832
202602,SO06 Tarapoto 2 - PVO,87.92541666666668,,84,63928,,88558.52701785715
202604,P126 Santa Clara - PVH,87.89559722222435,89.80956250000007,87.16666928327976,131009,109401,117718.12212822818
202605,P064 Miraflores - PVH,87.82506720430113,93.08264112903221,98.00501470036954,112187,94647,99247.09912178936
202603,P061 Cortijo - PVH,87.82055107526881,93.24498655913973,85.91077884372821,100936,94564,103722.4589350877
202604,P106 Valle Hermoso - PVH,87.77601388889036,88.1496388888889,88.41303453820571,88733,83716,86102.56430922967
202602,P119 Puente Piedra - PVH,87.76796875,92.06223958333331,86.39328487126737,122901,105517,114540.39380543392
202601,P119 Puente Piedra - PVH,87.70496639784946,88.22107526881722,86.39328487126737,119201,106283,113159.87525613092
202605,P146 Tacna - PVH,87.14821236559018,88.21011424731182,83.32149404806579,119824,105127,132364.57245519134
202601,P229 Salaverry - PVH,87.14562500000004,91.92571236559138,90.28098269047439,104947,94129,97460.26237958053
202606,SO02 Pucallpa - PVO,86.91195138889029,83.44252777777781,84.61950815694568,98780,96967,101835.5022014233
202601,P061 Cortijo - PVH,86.62970430107531,87.11796370967738,85.91077884372821,88915,89848,99634.45781198252
202604,P064 Miraflores - PVH,86.44475000000153,94.19647222222221,98.00501470036954,105948,101661,96861.10709459646
202601,SO02 Pucallpa - PVO,86.42972446236556,87.11970430107517,84.61950815694568,97845,90992,96511.23923165539
202606,P146 Tacna - PVH,86.21870833333494,87.98820138888881,83.32149404806579,115016,100889,125461.29316247745
202604,SO02 Pucallpa - PVO,86.16270833333422,85.19184722222226,84.61950815694568,103261,93547,100543.54936594672
202605,P126 Santa Clara - PVH,85.88722446236483,92.28469758064513,87.16666928327976,145442,115304,126657.92363845374
202603,SO02 Pucallpa - PVO,85.87903897849456,88.81706317204288,84.61950815694568,120904,101909,117800.62719711983
202601,P147 Juliaca - PVH,85.76152553763443,85.57796370967742,81.93317456466171,103868,94518,104111.1328838845
202601,P102 Chiclayo - PVH,85.75324596774192,86.49073924731174,87.75356401461035,100807,95593,100600.83617720856
202604,P223 Cusco Mall - PVH,85.51768750000149,82.46252777777786,90.43989760689435,126182,110002,101835.25469292338
202602,SO02 Pucallpa - PVO,85.43447916666663,86.68932291666667,84.61950815694568,95683,80936,90428.15235001947
202602,P064 Miraflores - PVH,85.38401041666667,109.66369791666669,98.00501470036954,49085,82545,93405.14464272086
202606,P106 Valle Hermoso - PVH,85.36670138889053,93.98306944444445,88.41303453820571,88839,77975,85052.61325863106
202606,P064 Miraflores - PVH,85.31186805555687,85.05588194444441,98.00501470036954,107447,65233,87868.82580374254
202604,P146 Tacna - PVH,85.25888194444632,88.9023819444445,83.32149404806579,119706,102713,141890.44670970403
202606,P223 Cusco Mall - PVH,85.20205555555725,79.21695833333335,90.43989760689435,107909,107421,98147.55611049406
202601,SO06 Tarapoto 2 - PVO,84.740315860215,,84,71055,,84608.16627142856
202605,P106 Valle Hermoso - PVH,84.70705645161318,95.19049731182797,88.41303453820571,94971,79295,89135.31780084442
202601,P126 Santa Clara - PVH,84.4263037634409,88.27653897849451,87.16666928327976,124635,108773,112747.5089768649
202601,P146 Tacna - PVH,84.1832325268817,86.45846774193545,83.32149404806579,120493,111167,129912.11464541998
202603,SO06 Tarapoto 2 - PVO,83.9971303763441,,84,83320,,109173.94922738092
202606,P126 Santa Clara - PVH,83.8906250000021,91.75186805555553,87.16666928327976,116013,107293,115349.41384445751
202602,P146 Tacna - PVH,83.83255208333331,92.35713541666668,83.32149404806579,116566,101574,123172.34068534133
202605,P147 Juliaca - PVH,83.80994623655887,88.42223118279576,81.93317456466171,125614,94403,121236.94174037661
202603,P465 Sucre - PVH,83.80815860215054,83.2968481182795,87.68918414433637,124619,126391,114740.99096575812
202601,P723 Puruchuco - PVH,83.67879032258067,88.19223790322575,83.18443566120098,96919,83327,83434.19981193867
202603,SO05 Tarapoto - PVO,83.67817876344083,90.84678091397844,76.26782259426129,96124,127747,110956.3198390922
202606,P465 Sucre - PVH,83.09102083333451,80.62721527777774,87.68918414433637,104186,106091,97941.74606828869
202602,P147 Juliaca - PVH,82.9559375,87.09739583333328,81.93317456466171,111022,79726,96949.83377863698
202605,SO02 Pucallpa - PVO,82.83192204301079,85.21036962365585,84.61950815694568,113745,99913,108438.12906216738
202604,P147 Juliaca - PVH,82.53777777777981,90.09641666666671,81.93317456466171,131512,94285,120535.44440910162
202604,P119 Puente Piedra - PVH,82.50904861111279,85.93200000000004,86.39328487126737,127978,110654,114140.67346893487
202603,P114 Pro - PVH,82.30546370967741,79.79012096774191,78.31726123421582,130369,125699,131418.00764482588
202606,P723 Puruchuco - PVH,82.2375555555573,89.33322222222219,83.18443566120098,93228,80382,93323.12579985255
202604,P102 Chiclayo - PVH,81.96003472222431,93.05041666666669,87.75356401461035,115132,89000,101730.10039471094
202605,P102 Chiclayo - PVH,81.9488776881717,95.33755376344091,87.75356401461035,111235,86832,102554.75771447453
202605,P061 Cortijo - PVH,81.33473118279558,85.0616196236559,85.91077884372821,102522,94583,98333.60914893774
202601,P465 Sucre - PVH,80.79848790322586,79.4221975806451,87.68918414433637,104072,114960,111207.44818367474
202601,P106 Valle Hermoso - PVH,80.23401881720429,89.18305779569883,88.41303453820571,92722,81047,89761.9987081269
202603,V095 Monterrico - VIV,80.03004032258066,78.31235887096778,81.02314964838428,70618,73090,71839.23923915334
202603,2638 SJB Ayacucho - PVH,79.87898521505375,,84,73717,,63297.49062142858
202604,P061 Cortijo - PVH,79.81438888888994,85.5543888888889,85.91077884372821,99908,90596,95534.17982543606
202606,P061 Cortijo - PVH,79.61736805555597,84.28670833333334,85.91077884372821,95073,95248,97035.3785892675
202602,P114 Pro - PVH,79.43911458333332,79.67374999999998,78.31726123421582,110701,91190,103341.3836829127
202604,P465 Sucre - PVH,79.29838194444599,77.17937500000004,87.68918414433637,116627,114473,104803.34241077057
202601,P114 Pro - PVH,78.99358870967741,82.70942204301072,78.31726123421582,111534,92554,103102.31612864764
202604,V095 Monterrico - VIV,78.14172916666756,74.99624999999997,81.02314964838428,71742,74415,71887.97602385175
202605,SO05 Tarapoto - PVO,77.84315188172067,86.02459005376335,76.26782259426129,94838,120971,97191.73113194075
202606,P102 Chiclayo - PVH,77.56763194444619,94.94493749999997,87.75356401461035,106467,77124,95403.11434081617
202605,V095 Monterrico - VIV,77.3187163978493,78.13350134408603,81.02314964838428,73684,71144,71502.78452690995
202604,SO05 Tarapoto - PVO,77.27897916666734,88.03530555555557,76.26782259426129,93893,110725,94290.43236041073
202602,V095 Monterrico - VIV,77.21447916666668,78.54036458333331,81.02314964838428,62805,62937,61836.88252978093
202602,1199 San Miguel - PVH,77.1665625,75.76406250000002,72.49465679234328,72365,71586,75062.82212477119
202602,P172 Puno - PVH,77.04375000000003,70.77380208333332,68.773296674594,82251,79599,95951.80170907456
202605,P291 La Curva - PVH,77.04097446236473,75.00683467741933,71.45670864263732,104477,96590,108158.1278988328
202605,P114 Pro - PVH,76.9037029569889,79.44807123655913,78.31726123421582,125355,108385,112556.34636325599
202601,1199 San Miguel - PVH,76.89674059139783,76.16813844086012,72.49465679234328,73234,73057,78326.13969557715
202606,P147 Juliaca - PVH,76.87526388888993,87.54676388888882,81.93317456466171,134712,86828,107771.33651194388
202603,SO03 Huanuco - PVO,76.5329569892473,72.54601478494615,67.45073327700564,121962,118438,138625.43672875984
202601,V095 Monterrico - VIV,75.11616263440858,76.22237903225806,81.02314964838428,68903,69803,67196.4127157154
202603,P172 Puno - PVH,74.8282123655914,68.06479166666671,68.773296674594,102580,97229,102875.14360808075
202603,P291 La Curva - PVH,74.68054435483874,76.84043010752684,71.45670864263732,118321,106219,117130.57290755016
202605,SO03 Huanuco - PVO,74.6778158602149,70.15900537634404,67.45073327700564,115114,111168,123777.23603853211
202603,P080 Bolichera - PVH,74.21256048387097,78.16182123655913,67.65132179184599,102717,111907,98419.85838630752
202603,P109 Dasso - PVS,74.14975806451613,75.05693548387097,73.9708420698925,72883,71034,72725.68328635518
202601,SO03 Huanuco - PVO,73.99131720430101,70.55209677419349,67.45073327700564,115835,110686,130159.94548710033
202606,P114 Pro - PVH,73.93871527777875,77.94811111111107,78.31726123421582,110210,99642,105648.84895751612
202604,P114 Pro - PVH,73.92204166666805,81.82615972222223,78.31726123421582,124487,98611,107035.70151324039
202602,P133 Guardia Civil - PVH,73.72848958333333,76.72765625,69.97856074572657,91683,73548,88476.22119004636
202603,P134 Centro Civico - PVH,73.26864247311825,70.94768145161288,68.68266147265754,94682,89515,91302.87956293665
202604,2638 SJB Ayacucho - PVH,73.18290972222366,,84,74542,,59352.9962154762
202602,SO03 Huanuco - PVO,72.81031250000001,66.20604166666669,67.45073327700564,109020,97060,116004.55495073838
202603,P231 Ventanilla - PVH,72.77727822580647,69.57148521505377,66.09086292651952,114164,113423,123815.08932177197
202603,1199 San Miguel - PVH,72.70826612903228,76.89495295698924,72.49465679234328,88081,84663,91350.88226804943
202603,P133 Guardia Civil - PVH,72.70229166666667,68.20046370967742,69.97856074572657,111742,56192,107563.72139819503
202604,1199 San Miguel - PVH,72.60361111111271,74.47275694444444,72.49465679234328,80351,74928,82469.33969803201
202606,SO03 Huanuco - PVO,72.46754861111224,68.73445833333338,67.45073327700564,108037,108184,121294.30267571435
202601,SO05 Tarapoto - PVO,72.12554435483867,88.98458333333319,76.26782259426129,94005,112628,119655.23794154664
202602,SO05 Tarapoto - PVO,72.02468749999998,82.98666666666666,76.26782259426129,89316,112557,111276.42485808405
202604,SO03 Huanuco - PVO,71.85509722222291,73.44458333333331,67.45073327700564,114559,99138,115190.70502008517
202606,P172 Puno - PVH,71.81081250000082,71.32980555555555,68.773296674594,91465,79984,92238.8662814156
202604,P291 La Curva - PVH,71.78869444444601,73.50092361111112,71.45670864263732,103768,91553,98747.2944379316
202603,P224 Brena - PVH,71.72981854838707,68.14650537634412,69.11462789701389,98481,104701,107476.08157955424
202602,P109 Dasso - PVS,71.72494791666666,78.39947916666668,73.9708420698925,67213,57065,67826.47902479519
202601,P133 Guardia Civil - PVH,71.67440188172043,74.52229166666662,69.97856074572657,92005,85416,92127.21080711421
202602,P080 Bolichera - PVH,71.63161458333332,76.45156250000001,67.65132179184599,87411,80136,92600.88719146163
202604,SO06 Tarapoto 2 - PVO,71.55832638888998,,84,84003,,78786.79018690475
202605,P080 Bolichera - PVH,71.47470430107549,69.96062500000002,67.65132179184599,81432,81399,85501.00919975189
202605,SO06 Tarapoto 2 - PVO,71.3664583333336,,84,86487,,80789.24452619048
202606,P291 La Curva - PVH,71.28566666666838,73.4986875,71.45670864263732,98178,87528,97544.19113758302
202606,P231 Ventanilla - PVH,71.18543055555634,67.52525694444444,66.09086292651952,94041,91678,100280.22901090939
202606,V095 Monterrico - VIV,70.97897916666662,81.9944027777778,81.02314964838428,73488,65243,68307.62662421835
202604,P172 Puno - PVH,70.92161805555762,68.67320833333333,68.773296674594,95870,86011,98210.44831918224
202604,P133 Guardia Civil - PVH,70.84038888889047,69.2669930555556,69.97856074572657,98740,85898,86130.13971237
202605,P224 Brena - PVH,70.32342069892478,71.7712634408602,69.11462789701389,98815,90185,95755.7276060505
202603,P117 Izaguirre - PVH,70.01989919354841,70.5898723118279,67.6979715753391,120499,117534,118051.21856134386
202606,P080 Bolichera - PVH,70.01944444444511,67.06175000000003,67.65132179184599,74721,79319,79894.1442198319
202605,1199 San Miguel - PVH,69.89128360214991,75.87661290322578,72.49465679234328,88222,76804,84078.13464734908
202602,P202 LurIn - PVH,69.51942708333334,67.46187499999998,66.9547957752322,97062,81714,89613.959908747
202605,P109 Dasso - PVS,69.507788978495,73.65209005376344,73.9708420698925,73532,69526,69247.60185452683
202601,P080 Bolichera - PVH,69.45034946236557,72.89469758064513,67.65132179184599,80592,78481,88919.81137056001
202605,P133 Guardia Civil - PVH,69.35428763440821,68.63777553763443,69.97856074572657,110956,93058,93403.79521165208
202604,P231 Ventanilla - PVH,69.34627777777928,66.61997222222223,66.09086292651952,103380,94601,99623.48273800543
202603,P202 LurIn - PVH,69.3349059139785,72.00817204301073,66.9547957752322,116890,98496,105733.12795942808
202605,P231 Ventanilla - PVH,69.2511223118285,70.9383669354839,66.09086292651952,113228,97465,108025.58602446713
202604,P080 Bolichera - PVH,69.21969444444584,71.49649305555555,67.65132179184599,81489,78512,83564.59103037641
202601,P117 Izaguirre - PVH,69.14155913978496,67.94412634408602,67.6979715753391,86281,86025,89248.21507651999
202605,P172 Puno - PVH,68.84382392473113,71.95764784946235,68.773296674594,101518,86263,99753.26055780501
202602,P291 La Curva - PVH,68.68463541666665,70.5821875,71.45670864263732,103990,73610,83669.80798542606
202601,P037 Jockey Plaza - PVH,68.61077284946238,66.08089381720428,63.4231141798556,72234,75403,77006.41506107639
202601,P172 Puno - PVH,68.57200940860217,69.72418682795697,68.773296674594,90802,84090,98922.4654081942
202601,P291 La Curva - PVH,68.57008064516131,71.79995967741934,71.45670864263732,103325,94405,92918.43740110646
202605,2638 SJB Ayacucho - PVH,68.54448924731177,,84,84942,,63624.533322619056
202601,P109 Dasso - PVS,68.5309879032258,77.75612231182795,73.9708420698925,70105,61482,75710.40340609358
202604,P224 Brena - PVH,68.51434722222359,66.28309722222222,69.11462789701389,94569,91832,91487.17347826727
202602,P037 Jockey Plaza - PVH,68.3109375,67.6303125,63.4231141798556,70812,70511,72935.79966102088
202602,P224 Brena - PVH,68.3003125,66.82843750000002,69.11462789701389,88873,89715,88408.97767119425
202603,P122 Ica - PVH,68.18785618279571,65.73451612903226,62.681117153293116,107881,108560,109301.10356113937
202603,P084 Comas - PVH,68.03915322580644,71.91465053763443,63.84593494105465,105327,102072,113522.21694288925
202604,P109 Dasso - PVS,67.8398680555558,75.35913194444444,73.9708420698925,73443,67287,66279.98647585392
202603,P724 Tumbes - PVH,67.50888440860217,59.0848454301075,63.04218861837782,94998,120289,140497.11824119583
202606,P224 Brena - PVH,67.48330555555584,70.29171527777777,69.11462789701389,90958,86233,88702.6323260416
202601,P231 Ventanilla - PVH,67.3797983870968,66.30561827956987,66.09086292651952,102430,92789,91958.51028692357
202602,P231 Ventanilla - PVH,67.19770833333334,71.3084375,66.09086292651952,101126,88914,89023.40326743021
202603,P037 Jockey Plaza - PVH,67.1811357526882,67.33698924731183,63.4231141798556,80606,87298,94289.9438971323
202606,P109 Dasso - PVS,67.11128472222217,73.17352777777782,73.9708420698925,74115,71633,73459.50531651016
202606,SO05 Tarapoto - PVO,66.95368750000033,90.77731249999998,76.26782259426129,99389,111464,89439.85220856783
202602,P724 Tumbes - PVH,66.94390624999998,62.129947916666666,63.04218861837782,86530,87358,104547.41695117239
202603,P259 Moquegua - PVH,66.81984543010752,66.3940120967742,60.397061823201135,101192,92402,106946.64545616548
202604,P122 Ica - PVH,66.815777777779,59.48220833333337,62.681117153293116,91170,98471,92753.85718447666
202604,P225 Cajamarca - PVH,66.81500000000162,54.961909722222224,56.429371630436094,96862,103643,127633.79427771839
202601,P224 Brena - PVH,66.66596774193549,68.69220430107526,69.11462789701389,95035,89552,95204.82994865827
202602,P134 Centro Civico - PVH,66.43640624999999,72.63041666666669,68.68266147265754,83968,61706,72539.50066107161
202601,P122 Ica - PVH,66.40384408602155,62.50642473118281,62.681117153293116,88742,96474,100910.39272850117
202605,P084 Comas - PVH,66.3305040322589,67.36008736559141,63.84593494105465,93057,88042,95763.76501878822
202605,P122 Ica - PVH,66.21204973118256,61.38280241935484,62.681117153293116,90223,94546,95487.15988999487
202606,2638 SJB Ayacucho - PVH,66.17260416666757,,84,77137,,59033.78945476191
202602,P122 Ica - PVH,66.0440625,62.576927083333324,62.681117153293116,89945,87983,90512.94070788479
202602,P117 Izaguirre - PVH,65.97385416666667,68.71885416666666,67.6979715753391,101711,87024,92254.83301149732
202604,P134 Centro Civico - PVH,65.94539583333503,69.16315972222226,68.68266147265754,97399,76277,83220.74378226387
202606,1199 San Miguel - PVH,65.35773611111233,71.61490972222222,72.49465679234328,83928,74423,78218.87798355502
202605,P139 Alameda Sur - PVS,65.2140322580644,62.67234543010752,64.20980276983204,104197,97919,99696.07487266147
202604,V094 Benavides - VIV,65.11074305555628,57.60625694444444,55.57085132952011,49295,54943,59054.1181246348
202606,P117 Izaguirre - PVH,65.10923611111166,69.73691666666667,67.6979715753391,85304,75892,88230.59609330811
202601,P134 Centro Civico - PVH,65.08838037634412,69.34836021505376,68.68266147265754,80688,72719,74553.79854693727
202606,P084 Comas - PVH,64.92067361111124,67.22381944444446,63.84593494105465,85052,77949,84392.04313280898
202604,V116 Javier Prado - VIV,64.83837499999989,50.71811111111112,,45473,64803,
202605,P225 Cajamarca - PVH,64.74896505376357,56.465725806451616,56.429371630436094,103191,106748,129036.53785101924
202605,P134 Centro Civico - PVH,64.68973790322538,70.99467741935484,68.68266147265754,93869,75624,80253.55546675094
202603,P130 Chimbote - PVH,64.68319892473117,66.09194892473113,66.56902434528007,113038,113640,109425.83890846046
202606,P122 Ica - PVH,64.62293055555672,64.24395833333337,62.681117153293116,79340,84102,88730.34722878737
202603,P139 Alameda Sur - PVS,64.59301747311827,59.18631720430107,64.20980276983204,112841,103843,117601.53215495934
202605,P117 Izaguirre - PVH,64.44723118279605,71.90848790322578,67.6979715753391,96954,82036,92752.46515786834
202602,P259 Moquegua - PVH,64.41828125,63.300104166666664,60.397061823201135,83272,76043,81713.42964409167
202601,P202 LurIn - PVH,63.943494623655944,67.30791666666663,66.9547957752322,99382,91253,94761.92313093493
202604,P259 Moquegua - PVH,63.93056250000066,64.54860416666668,60.397061823201135,93900,80689,92739.82958635133
202604,P139 Alameda Sur - PVS,63.91758333333518,60.91769444444446,64.20980276983204,102894,99593,99294.1072479902
202604,P084 Comas - PVH,63.76528472222296,68.44546527777779,63.84593494105465,92315,81761,89160.20296759033
202606,SO06 Tarapoto 2 - PVO,63.55766666666766,,84,88091,,81379.79163809524
202603,V094 Benavides - VIV,63.34331989247311,51.40182795698925,55.57085132952011,50926,64887,60844.93826179429
202604,P202 LurIn - PVH,63.327736111112536,70.82896527777778,66.9547957752322,95662,79197,86155.7195046197
202605,P202 LurIn - PVH,63.25516129032331,72.72581317204302,66.9547957752322,98067,80898,92209.99128764187
202602,P139 Alameda Sur - PVS,63.22765624999999,60.41765625000001,64.20980276983204,92783,89334,88091.93703920787
202603,P225 Cajamarca - PVH,63.18878360215054,58.419657258064504,56.429371630436094,130225,130467,159358.70456777766
202601,P259 Moquegua - PVH,62.71835349462366,63.989361559139795,60.397061823201135,91183,77811,89137.0375906584
202606,P202 LurIn - PVH,62.668520833333886,71.99096527777779,66.9547957752322,87256,73156,82387.83740925945
202602,P130 Chimbote - PVH,62.654791666666654,66.52177083333333,66.56902434528007,96583,86134,84219.14261535226
202603,P001 Los Olivos - PVH,62.616740591397836,61.102661290322565,56.772923994003754,100068,102802,104860.49734075293
202601,P139 Alameda Sur - PVS,62.525759408602156,60.02321236559135,64.20980276983204,95165,91415,93101.0527197674
202603,P125 SJ Lurigancho - PVH,62.482526881720446,59.98449596774196,55.81234047827294,123057,123658,131553.57762963322
202601,P724 Tumbes - PVH,62.46930779569891,64.26432795698922,63.04218861837782,99750,95903,107615.9849028822
202605,P037 Jockey Plaza - PVH,62.43567204301119,61.4314448924731,63.4231141798556,85576,83948,83878.59614578314
202604,P724 Tumbes - PVH,62.41438194444591,56.335659722222246,63.04218861837782,98019,111708,117010.55428062343
202603,P066 Ate - PVH,62.25709677419359,63.39765456989248,54.96669895587487,96560,102480,115277.34525383502
202603,P203 Rimac Alcazar - PVH,62.20247983870969,56.849926075268826,56.77292399400376,101328,105249,107300.29933535568
202602,P001 Los Olivos - PVH,62.145833333333314,57.43854166666668,56.772923994003754,83153,86158,94243.15139317302
202603,P068 Primavera - PVH,61.91537634408604,60.54501344086024,54.65214124103944,84718,87425,115249.71206746089
202603,P333 Ves Placita - PVH,61.90441532258064,58.95947580645164,59.17940013681813,133828,128455,130985.91720224862
202602,P333 Ves Placita - PVH,61.88697916666669,59.14515625,59.17940013681813,110154,104993,103811.10089823078
202602,P068 Primavera - PVH,61.84932291666666,56.47609375,54.65214124103944,72204,76616,96079.22294098446
202601,P084 Comas - PVH,61.83963709677418,65.47681451612902,63.84593494105465,86907,87928,100382.99439450784
202605,P130 Chimbote - PVH,61.70946908602232,63.17321236559141,66.56902434528007,90325,90873,88914.58118718352
202604,P117 Izaguirre - PVH,61.59076388888954,68.05113194444446,67.6979715753391,101240,86115,90383.2495644365
202606,P104 Arequipa - PVH,61.53923611111144,65.92006944444444,63.57656168405445,83680,68083,76926.95366894374
202605,P259 Moquegua - PVH,61.51301747311863,64.9563306451613,60.397061823201135,103452,86017,97975.94445110651
202602,P084 Comas - PVH,61.49630208333335,68.73375,63.84593494105465,91532,81442,93227.74781817108
202605,V090 Pezet - VIV,61.31713037634478,61.99868951612905,58.11608116140653,60097,56243,62951.7289291957
202606,P037 Jockey Plaza - PVH,61.22195138888877,62.16068055555557,63.4231141798556,74107,77515,79417.04095791324
202604,P333 Ves Placita - PVH,61.11782638889007,58.22488194444447,59.17940013681813,110663,100827,104982.59167440828
202606,P259 Moquegua - PVH,61.088416666666575,66.41881944444445,60.397061823201135,96459,79383,90533.9378495977
202604,P037 Jockey Plaza - PVH,61.08272916666732,62.719756944444434,63.4231141798556,84966,78641,80374.05681853267
202606,P225 Cajamarca - PVH,61.023618055555744,56.46783333333333,56.429371630436094,100293,95136,109670.88494854062
202605,P125 SJ Lurigancho - PVH,60.99592069892585,58.635819892473116,55.81234047827294,96883,94436,102308.20515263741
202601,P130 Chimbote - PVH,60.70091397849461,65.6376075268817,66.56902434528007,94435,83798,90712.84136265334
202602,P203 Rimac Alcazar - PVH,60.67104166666668,55.511302083333355,56.77292399400376,86074,87101,86874.33171525426
202606,P133 Guardia Civil - PVH,60.5383819444448,67.82178472222219,69.97856074572657,106596,89997,86555.5985955297
202603,1593 Aventura SJL - PVH,60.400403225806464,57.545739247311815,55.3895197170739,132061,126906,132938.74719643427
202604,P104 Arequipa - PVH,60.205152777778714,63.34436111111115,63.57656168405445,109172,87396,85212.52992136506
202603,SO04 Jaen - PVO,60.09528225806456,58.22391129032259,53.7842448352594,142561,134198,147717.36571248787
202605,P333 Ves Placita - PVH,59.987365591398216,58.685309139784955,59.17940013681813,122732,109157,114648.54931131439
202603,P104 Arequipa - PVH,59.89045698924735,67.81819220430108,63.57656168405445,138702,118554,125686.31718572693
202604,P066 Ate - PVH,59.775868055555605,59.8822291666667,54.96669895587487,83337,79548,91886.33794535298
202606,P130 Chimbote - PVH,59.695368055555264,63.709965277777776,66.56902434528007,82733,78580,80314.9169314674
202605,P104 Arequipa - PVH,59.5589448924736,65.32477150537636,63.57656168405445,98423,73966,80627.7852956879
202605,P066 Ate - PVH,59.550430107527276,61.7549126344086,54.96669895587487,92805,82591,97422.15484867968
202604,P130 Chimbote - PVH,59.54165972222255,63.53608333333336,66.56902434528007,93466,90685,86896.30572316091
202605,V094 Benavides - VIV,59.44171370967766,57.76288978494624,55.57085132952011,56854,55072,59289.7743830273
202606,P139 Alameda Sur - PVS,59.404916666667496,63.76557638888888,64.20980276983204,102391,89553,92906.65291223733
202603,P120 Universitaria - PVH,59.37571236559139,64.77893145161292,57.92644428426813,90735,90921,99780.26286467111
202606,P125 SJ Lurigancho - PVH,59.343229166666205,58.968291666666694,55.81234047827294,88336,84892,98314.95585346567
202606,P724 Tumbes - PVH,59.21615972222211,63.55863888888889,63.04218861837782,95544,87396,101599.7146969739
202602,V090 Pezet - VIV,59.05312499999999,60.0825,58.11608116140653,58628,45953,47730.289879594944
202601,P104 Arequipa - PVH,58.82408602150535,63.891323924731175,63.57656168405445,86584,79905,82854.24364528284
202602,P125 SJ Lurigancho - PVH,58.79124999999999,60.09859374999999,55.81234047827294,97283,90197,98291.87130820278
202602,1593 Aventura SJL - PVH,58.78526041666665,56.38026041666665,55.3895197170739,112809,100473,95873.40664669216
202606,P134 Centro Civico - PVH,58.65406944444474,70.5539236111111,68.68266147265754,89919,68942,74635.24911946969
202601,P001 Los Olivos - PVH,58.4750739247312,53.50432123655915,56.772923994003754,80169,88437,88928.6794851933
202603,V090 Pezet - VIV,58.42986559139786,57.23826612903228,58.11608116140653,68100,62561,63702.45678503352
202604,V090 Pezet - VIV,58.40289583333322,57.319013888888904,58.11608116140653,62892,60075,63124.314867537665
202606,P066 Ate - PVH,58.38437499999967,58.81881250000001,54.96669895587487,81616,80556,88164.09758006848
202604,P203 Rimac Alcazar - PVH,58.292645833333786,56.72260416666666,56.77292399400376,91569,85130,88003.76131811869
202601,1593 Aventura SJL - PVH,58.23778897849461,54.49702284946238,55.3895197170739,106480,99825,96604.2288276168
202601,P125 SJ Lurigancho - PVH,58.20815188172043,55.82208333333334,55.81234047827294,92811,90900,95614.63656549978
202603,V116 Javier Prado - VIV,58.07191532258065,51.32712365591398,,13301,67542,
202605,P724 Tumbes - PVH,57.932715053764305,60.25329973118275,63.04218861837782,108634,101268,118516.65281528508
202601,P066 Ate - PVH,57.829032258064515,62.21913306451615,54.96669895587487,91017,77441,94293.1545672899
202602,P120 Universitaria - PVH,57.74364583333333,61.98140625000001,57.92644428426813,71669,73078,83303.73099580228
202602,P066 Ate - PVH,57.72828125000001,61.82093749999999,54.96669895587487,90226,82168,91811.16081668246
202601,P203 Rimac Alcazar - PVH,57.63502688172046,53.980114247311825,56.77292399400376,88172,89440,89598.96671056184
202602,SO04 Jaen - PVO,57.59437500000001,56.74109375000001,53.7842448352594,125714,110485,123082.36956708538
202601,V090 Pezet - VIV,57.58092741935485,57.06839381720432,58.11608116140653,64597,57965,58182.16948608453
202601,P333 Ves Placita - PVH,57.54936155913979,57.473151881720426,59.17940013681813,115829,104694,108205.02870923988
202603,P262 Talara Municipalidad - PVH,57.30741935483869,56.91112903225804,53.343390369396616,94008,88729,96406.58779630865
202602,P104 Arequipa - PVH,57.23020833333333,67.06791666666668,63.57656168405445,109324,88940,83735.8530138193
202606,V090 Pezet - VIV,57.2062847222222,61.595722222222236,58.11608116140653,61085,54325,60624.92730909955
202605,P226 Paita - PVH,57.06834677419397,54.30268817204299,48.49399124490601,96745,92126,112002.37378626858
202604,1593 Aventura SJL - PVH,56.82006944444518,53.0967013888889,55.3895197170739,113601,106490,108045.81832211188
202603,P052 Brasil - PVH,56.6242137096774,53.73939516129033,52.84249079441889,83164,86853,83035.19119245281
202602,P225 Cajamarca - PVH,56.57531250000001,60.12880208333335,56.429371630436094,113574,88964,114589.300985807
202605,1593 Aventura SJL - PVH,56.54292338709723,56.75536962365592,55.3895197170739,123778,106130,115011.4737867334
202606,P333 Ves Placita - PVH,56.45120833333315,60.99595833333332,59.17940013681813,114665,96113,106743.32737228795
202603,P227 San Isidro - PVH,56.29514784946235,63.64919354838707,56.71779574149045,99615,81791,94428.80369700449
202606,P203 Rimac Alcazar - PVH,56.27615972222226,56.158375000000014,56.77292399400376,88330,82064,84371.03048463576
202606,P068 Primavera - PVH,56.13528472222213,56.27231944444444,54.65214124103944,76013,80314,2.559826510419433
202605,V019 Pardo - VIV,56.13524865591459,,,,,
202601,P068 Primavera - PVH,56.03203629032257,56.75715725806454,54.65214124103944,79764,86019,106307.15015859643
202602,P052 Brasil - PVH,55.95552083333332,53.47369791666668,52.84249079441889,70178,71287,74826.50416656012
202602,P135 Colonial - PVH,55.94729166666666,57.399739583333336,55.02606479418825,67129,64478,69070.2294887971
202601,SO04 Jaen - PVO,55.93639784946238,53.268306451612915,53.7842448352594,131193,123974,128448.95748858717
202603,P141 Chosica - PVH,55.75532930107525,53.66958333333334,48.91205759483401,87858,84438,94145.8684736738
202604,P125 SJ Lurigancho - PVH,55.75470833333332,57.27176388888888,55.81234047827294,103783,90688,101888.5814404028
202604,P068 Primavera - PVH,55.75043055555608,57.08908333333334,54.65214124103944,81081,79678,0.7265955019925353
202601,V094 Benavides - VIV,55.716518817204324,54.58701612903226,55.57085132952011,58768,58583,59287.66660714843
202603,P226 Paita - PVH,55.634616935483876,54.28801075268816,48.49399124490601,113388,106836,126513.57646179434
202605,P516 Ilo - PVH,55.56217069892519,57.85377688172042,54.66595376698497,97463,82521,94583.05071817226
202605,P001 Los Olivos - PVH,55.54650537634487,58.130295698924726,56.772923994003754,92300,85349,89598.23413247577
202606,SO04 Jaen - PVO,55.48117361111072,53.620826388888894,53.7842448352594,120173,119743,128418.64270393242
202605,P203 Rimac Alcazar - PVH,55.48092741935501,58.165813172043,56.77292399400376,99456,84320,91256.12954948725
202601,P227 San Isidro - PVH,55.47086021505377,59.84562500000002,56.71779574149045,87330,76596,90386.27382604421
202605,V116 Javier Prado - VIV,55.43407258064575,52.28026209677418,,53403,65082,
202601,P236 Pisco - PVH,55.143440860215065,54.69803763440859,50.69826357421992,97397,93693,96903.49433581349
202605,SO04 Jaen - PVO,55.13139784946287,53.93151881720432,53.7842448352594,140094,127882,135865.92528876505
202602,P769 Chiclayo Aventura - PVH,55.10598958333334,58.16005208333333,53.27894958029915,102838,83961,95553.78787314701
202602,P236 Pisco - PVH,54.89583333333333,54.51390624999999,50.69826357421992,96774,90235,93771.72910745298
202603,P144 Huacho - PVH,54.816115591397875,49.951586021505385,51.13911804008271,96360,76433,101268.08453248843
202601,P225 Cajamarca - PVH,54.560295698924726,56.75217069892472,56.429371630436094,104552,91629,108585.22098968561
202604,P001 Los Olivos - PVH,54.375756944444504,55.678,56.772923994003754,90275,87303,86831.32274498776
202605,P068 Primavera - PVH,54.373205645161335,54.36266801075268,54.65214124103944,84391,87126,0.894018036448131
202605,P144 Huacho - PVH,54.36304435483922,54.25851478494622,51.13911804008271,85389,83413,92412.72255802002
202601,P052 Brasil - PVH,54.35424731182796,50.93130376344087,52.84249079441889,69897,71241,71821.34205908483
202606,P001 Los Olivos - PVH,54.29934027777735,56.474833333333336,56.772923994003754,84282,79388,83074.65109949483
202604,SO04 Jaen - PVO,54.27610416666734,54.88627083333331,53.7842448352594,127766,107627,118760.1376177097
202606,P226 Paita - PVH,54.26628472222212,54.07359027777776,48.49399124490601,87544,79312,100178.05887467151
202601,P120 Universitaria - PVH,54.11625672043011,60.22281586021505,57.92644428426813,73798,73443,80385.83038773913
202603,P236 Pisco - PVH,54.0052822580645,55.06610215053764,50.69826357421992,120071,106437,132658.56321990382
202604,P226 Paita - PVH,53.92620138888933,53.43046527777777,48.49399124490601,99157,89108,108064.0357056706
202603,P135 Colonial - PVH,53.767056451612916,62.24933467741937,55.02606479418825,87795,80110,90615.79552980566
202603,P516 Ilo - PVH,53.74066532258066,60.05350806451612,54.66595376698497,119695,100423,107383.13805009029
202603,P769 Chiclayo Aventura - PVH,53.71229838709677,53.8423252688172,53.27894958029915,133870,119551,117597.86308581386
202602,P144 Huacho - PVH,53.581666666666656,53.74864583333335,51.13911804008271,85216,70899,78919.72585911013
202606,P262 Talara Municipalidad - PVH,53.55170138888864,55.03147222222221,53.343390369396616,90628,76546,82247.77527108703
202604,P120 Universitaria - PVH,53.44704166666715,61.20566666666668,57.92644428426813,75712,69296,76015.78013473666
202601,P226 Paita - PVH,53.37669354838709,53.085685483870954,48.49399124490601,84445,67864,106820.09593599169
202605,P262 Talara Municipalidad - PVH,53.36545026881811,56.53549059139784,53.343390369396616,98500,83680,94001.81556095417
202602,P262 Talara Municipalidad - PVH,53.343229166666674,60.08437500000001,53.343390369396616,87288,64984,80960.7522074126
202601,P135 Colonial - PVH,53.291827956989245,51.577251344086015,55.02606479418825,64521,70516,70936.31136625029
202601,P516 Ilo - PVH,53.26407258064517,59.29136424731183,54.66595376698497,114577,96389,105686.55735389813
202606,V094 Benavides - VIV,53.13952777777759,58.03243055555555,55.57085132952011,57127,53643,58269.006108961534
202603,P059 Callao - PVH,53.11428763440858,55.61575268817204,51.161312105083525,91558,86785,89989.35474804873
202605,P227 San Isidro - PVH,53.07002016129102,63.50453629032257,56.71779574149045,102379,77633,101996.01040504016
202602,P227 San Isidro - PVH,52.761874999999996,66.41510416666665,56.71779574149045,99477,69324,83591.3782599939
202604,P112 Ceres - PVH,52.6081597222219,51.28656944444446,47.165198395018514,75212,72860,88970.06186966877
202606,P516 Ilo - PVH,52.48006944444426,60.23767361111114,54.66595376698497,96324,74908,87676.61686522418
202606,P227 San Isidro - PVH,52.44419444444415,59.0405277777778,56.71779574149045,94470,88420,94844.14830079293
202602,V093 Dos de Mayo - VIV,52.44270833333333,55.90911458333332,50.0561866937662,49026,45778,51684.680707453736
202606,P144 Huacho - PVH,52.44113194444405,54.84475694444445,51.13911804008271,78755,79872,91650.57762682564
202603,P112 Ceres - PVH,52.34795698924733,55.303245967741944,47.165198395018514,93241,97830,118254.4912010607
202602,P112 Ceres - PVH,52.24651041666666,52.20671875000001,47.165198395018514,74810,83693,78197.93633242813
202604,P262 Talara Municipalidad - PVH,52.23871527777805,56.65265277777779,53.343390369396616,89713,78311,88316.64259388337
202602,P226 Paita - PVH,52.18458333333333,55.55604166666666,48.49399124490601,96582,80787,101922.53906960468
202606,P141 Chosica - PVH,52.17688194444419,55.96057638888891,48.91205759483401,72550,63551,78000.08829117318
202604,P144 Huacho - PVH,52.105180555555805,52.34502777777777,51.13911804008271,87688,79991,86043.52635395751
202603,V093 Dos de Mayo - VIV,52.059912634408605,58.66014112903226,50.0561866937662,54817,47088,56039.92021728139
202604,P227 San Isidro - PVH,51.962895833333036,58.48616666666668,56.71779574149045,97996,77569,88169.72856266693
202604,P052 Brasil - PVH,51.86917361111164,51.7417638888889,52.84249079441889,75863,68990,71651.44222156717
202605,P236 Pisco - PVH,51.75243951612991,54.44668682795699,50.69826357421992,99397,88083,100730.80856948419
202602,P096 San Jorge - PVS,51.742447916666656,49.740937500000015,45.51580955836195,52977,55474,63745.58784414641
202602,P516 Ilo - PVH,51.71385416666666,61.54885416666667,54.66595376698497,114256,88485,101009.50801547768
202602,P059 Callao - PVH,51.71354166666668,55.02708333333332,51.161312105083525,73922,62492,71304.76211022586
202602,P141 Chosica - PVH,51.63177083333333,51.56541666666665,48.91205759483401,77401,72430,73570.63894159433
202601,P769 Chiclayo Aventura - PVH,51.49215053763442,57.39981182795698,53.27894958029915,103626,80642,97349.23859155555
202605,P141 Chosica - PVH,51.48862231182828,55.00950940860217,48.91205759483401,87496,72037,87314.60279542742
202603,P177 Talara - PVH,51.48100134408601,51.37364919354838,46.96520825461973,67721,77618,99333.98702306622
202606,P059 Callao - PVH,51.39696527777744,53.42540972222224,51.161312105083525,67588,62198,71159.35823190627
202604,P236 Pisco - PVH,51.36240277777839,53.98837500000001,50.69826357421992,102922,88317,96590.51142513115
202603,V140 Libertadores - VIV,51.34942204301073,52.41847446236558,50.48039166574727,55004,50692,54536.79558845488
202605,P052 Brasil - PVH,51.2858198924731,54.214717741935495,52.84249079441889,76028,67962,73023.27875898595
202604,P141 Chosica - PVH,51.243694444444095,55.47743055555555,48.91205759483401,82588,67140,80289.30819329862
202605,P120 Universitaria - PVH,51.11900537634475,66.8626545698925,57.92644428426813,81319,67218,80311.94004882945
202601,P141 Chosica - PVH,50.94805107526883,52.08884408602149,48.91205759483401,80779,74604,77607.0614477874
202605,V093 Dos de Mayo - VIV,50.94786290322631,53.24422043010753,50.0561866937662,54416,49601,54864.194755810524
202602,V094 Benavides - VIV,50.817395833333336,52.82223958333334,55.57085132952011,27306,57658,55556.28229794587
202605,P059 Callao - PVH,50.6835752688178,57.234643817204294,51.161312105083525,77425,64015,76875.95993280243
202604,P516 Ilo - PVH,50.58253472222175,56.737479166666674,54.66595376698497,103979,85618,91060.88478797158
202601,P112 Ceres - PVH,50.580833333333324,48.65865591397849,47.165198395018514,76350,82131,83372.04520092333
202605,P112 Ceres - PVH,50.49276881720505,53.22926075268815,47.165198395018514,81749,76043,91509.49289245125
202606,P120 Universitaria - PVH,50.3566388888887,65.46263888888889,57.92644428426813,71378,64377,74231.66073163933
202604,V140 Libertadores - VIV,50.116840277777605,52.493874999999996,50.48039166574727,55694,51892,56175.8468233949
202601,V093 Dos de Mayo - VIV,50.11242607526879,56.821041666666694,50.0561866937662,53519,44207,51215.62125345173
202606,P052 Brasil - PVH,50.04854166666668,53.651354166666664,52.84249079441889,70614,64722,68502.84720458942
202605,P769 Chiclayo Aventura - PVH,50.000463709677774,58.36400537634409,53.27894958029915,125623,85706,100701.16609400834
202602,P089 Risso - PVH,49.98020833333334,57.14677083333332,53.715920394326645,88391,76901,83597.67901090045
202601,P144 Huacho - PVH,49.973696236559164,51.6000201612903,51.13911804008271,96082,92360,86889.63663622882
202604,P059 Callao - PVH,49.95632638888867,54.754243055555555,51.161312105083525,75292,62920,69493.95313586427
202606,P112 Ceres - PVH,49.72036805555542,49.190458333333325,47.165198395018514,73870,74273,83595.8024872091
202601,P262 Talara Municipalidad - PVH,49.64811155913981,58.21295026881721,53.343390369396616,93032,80011,86332.54457785771
202604,V093 Dos de Mayo - VIV,49.591888888888555,53.50299305555554,50.0561866937662,55130,47941,53372.18708736979
202606,P135 Colonial - PVH,49.58236111111097,53.214340277777794,55.02606479418825,67658,64661,66368.7398628171
202606,P769 Chiclayo Aventura - PVH,49.45986111111088,56.0266875,53.27894958029915,110012,77795,88681.5792300662
202603,P096 San Jorge - PVS,49.40635752688173,50.75997311827958,45.51580955836195,66289,63848,70818.60207422847
202605,P135 Colonial - PVH,49.34186155914006,59.67180107526883,55.02606479418825,79452,63470,71952.45554463434
202606,1593 Aventura SJL - PVH,49.26930555555531,57.70673611111113,55.3895197170739,124281,96980,108383.53646979666
202602,V140 Libertadores - VIV,49.039791666666666,52.960885416666656,50.48039166574727,51681,45780,48630.034641068596
202601,P089 Risso - PVH,49.026344086021524,53.80506720430103,53.715920394326645,88817,82734,89835.03370277662
202606,V116 Javier Prado - VIV,48.86330555555556,53.443541666666675,,56930,60709,
202603,P142 Chincha - PVH,48.80900537634408,49.12151209677418,44.7287697663045,99290,98104,102989.02564430168
202605,V140 Libertadores - VIV,48.53968413978534,53.75477822580647,50.48039166574727,57323,51812,57934.11045747493
202604,P769 Chiclayo Aventura - PVH,48.304131944444755,57.33972222222224,53.27894958029915,124230,86933,94792.23317434711
202602,P142 Chincha - PVH,48.09286458333334,49.49067708333334,44.7287697663045,85439,77511,88469.29443565912
202603,P089 Risso - PVH,48.092634408602144,55.05137768817204,53.715920394326645,104067,93543,96521.80478597185
202601,P059 Callao - PVH,48.056693548387095,49.88436155913981,51.161312105083525,74195,72530,69377.56069096824
202606,P236 Pisco - PVH,48.05013888888879,52.04825694444445,50.69826357421992,90158,81409,87291.27405164969
202604,P135 Colonial - PVH,47.98986111111137,59.33836805555557,55.02606479418825,81604,61563,71710.07179522609
202601,P096 San Jorge - PVS,47.981142473118254,53.52088037634408,45.51580955836195,60076,53855,70225.00001678607
202604,P096 San Jorge - PVS,47.80917361111072,50.782958333333326,45.51580955836195,63514,58888,66983.48915865623
202606,V140 Libertadores - VIV,47.77704166666681,49.99876388888888,50.48039166574727,56575,52605,55173.88886247206
202603,P143 Nvo Chimbote - PVH,47.1196438172043,51.66465725806451,48.49399124490603,109158,104398,112881.47564209858
202602,P177 Talara - PVH,47.00552083333332,49.82442708333333,46.96520825461973,59138,66466,66446.73707143702
202602,P108 Ayacucho - PVS,46.954114583333336,41.11489583333332,41.45189799065107,63027,74331,79260.85109880863
202605,P177 Talara - PVH,46.94727822580713,49.812385752688165,46.96520825461973,60430,68483,73265.10694353271
202606,V093 Dos de Mayo - VIV,46.81697222222223,48.24259027777778,50.0561866937662,54398,51448,52244.91438589116
202604,P177 Talara - PVH,46.74361805555529,48.99236805555556,46.96520825461973,63523,63499,69653.13224983349
202603,P201 Huaral - PVH,46.730927419354856,54.2524932795699,46.51792055695669,92466,78753,91218.69475451908
202604,P143 Nvo Chimbote - PVH,46.699333333332916,45.960444444444455,48.49399124490603,100810,99361,95837.61188533215
202606,P142 Chincha - PVH,46.59963194444417,43.598625000000006,44.7287697663045,73920,77722,79965.69620151914
202606,P201 Huaral - PVH,46.43673611111086,46.65796527777778,46.51792055695669,73326,70744,75264.51138144024
202603,P108 Ayacucho - PVS,46.40665994623656,42.58145161290322,41.45189799065107,75789,87246,85673.939962917
202601,P143 Nvo Chimbote - PVH,46.40237903225807,48.96556451612903,48.49399124490603,104369,94175,101226.74992885116
202605,P096 San Jorge - PVS,46.1585080645165,51.365087365591386,45.51580955836195,66228,58337,68291.58910409734
202606,P143 Nvo Chimbote - PVH,46.11181944444449,49.10354166666667,48.49399124490603,94164,88150,92868.58542032399
202605,P142 Chincha - PVH,46.00787634408687,47.92252688172042,44.7287697663045,91947,81125,89956.69171592408
202605,P143 Nvo Chimbote - PVH,45.6919825268822,48.90073924731182,48.49399124490603,105498,94142,100614.73024686392
202601,V140 Libertadores - VIV,45.63397849462366,53.62959677419356,50.48039166574727,56752,49367,61213.66201872666
202601,P177 Talara - PVH,45.57997311827957,49.53680779569892,46.96520825461973,66153,66415,74982.20398189338
202605,P132 El Ejercito - PVS,45.20485215053802,44.86628360215054,43.483853774506514,70139,67455,73725.17583249515
202604,P142 Chincha - PVH,44.89513194444431,46.91784027777778,44.7287697663045,94619,82618,87397.5644473214
202605,P201 Huaral - PVH,44.84746639784991,51.0644825268817,46.51792055695669,87014,70149,81315.94964500859
202606,P132 El Ejercito - PVS,44.79713194444435,44.01196527777778,43.483853774506514,63226,64305,70791.61185351801
202602,P143 Nvo Chimbote - PVH,44.54328125,50.03057291666667,48.49399124490603,100803,80553,91071.57398317706
202603,P118 Alfonso Ugarte - PVH,44.108561827957004,49.78604166666666,41.48790599561813,75155,69617,84795.74982337176
202601,P142 Chincha - PVH,44.10715053763441,49.07056451612904,44.7287697663045,92778,78269,90791.02509005847
202605,P108 Ayacucho - PVS,44.03051747311883,40.4672446236559,41.45189799065107,75267,82954,78303.04922423698
202604,P108 Ayacucho - PVS,43.83657638888863,40.03178472222223,41.45189799065107,74649,83616,78220.6883972184
202604,P201 Huaral - PVH,43.665416666666154,48.92504166666665,46.51792055695669,86460,70689,78147.11600981819
202604,P118 Alfonso Ugarte - PVH,43.29650694444409,45.63504166666666,41.48790599561813,65245,58050,72835.23014198776
202602,P118 Alfonso Ugarte - PVH,43.07109374999999,46.945052083333316,41.48790599561813,63654,59116,69461.27965350603
202606,P096 San Jorge - PVS,42.74817361111096,50.98430555555557,45.51580955836195,67110,55536,65058.93847945368
202601,P132 El Ejercito - PVS,42.57458333333334,45.36475134408603,43.483853774506514,70242,63836,72859.64332253933
202601,P201 Huaral - PVH,42.44154569892474,47.29831317204301,46.51792055695669,86878,76982,79251.51410381931
202605,P118 Alfonso Ugarte - PVH,42.10481182795731,44.24103494623655,41.48790599561813,65907,63669,70766.76472440164
202601,P108 Ayacucho - PVS,42.0779502688172,43.93506720430107,41.45189799065107,72434,73353,84340.9150888217
202602,P132 El Ejercito - PVS,42.07244791666666,44.30671875,43.483853774506514,78360,68981,76122.7301187512
202604,P089 Risso - PVH,41.86520138888877,53.796118055555596,53.715920394326645,103649,80091,82142.35177967878
202603,P132 El Ejercito - PVS,41.82217741935483,44.960557795698925,43.483853774506514,107730,101315,106988.45546499165
202606,P089 Risso - PVH,41.74624999999985,51.074187499999994,53.715920394326645,98379,83205,82375.96620176967
202606,P108 Ayacucho - PVS,41.701576388888604,40.594993055555555,41.45189799065107,72528,79198,76177.78807648759
202606,P177 Talara - PVH,41.63235416666649,47.96122916666665,46.96520825461973,53923,62470,67502.26315004486
202604,P132 El Ejercito - PVS,41.56697222222212,43.56143749999999,43.483853774506514,72425,68517,70225.550716719
202601,P118 Alfonso Ugarte - PVH,41.471048387096765,43.18181451612904,41.48790599561813,62540,57805,63177.380626943086
202602,P201 Huaral - PVH,40.48531249999999,52.11479166666667,46.51792055695669,87250,66018,72088.08958461722
202603,P192 Sullana - PVH,40.11795026881719,39.67701612903226,38.91402969668492,99383,100721,101618.0905401548
202606,V019 Pardo - VIV,39.70681944444424,,,0,,
202605,P089 Risso - PVH,39.578649193548394,53.665349462365604,53.715920394326645,113845,84637,87459.38483437375
202606,P118 Alfonso Ugarte - PVH,39.305145833333164,38.6666875,41.48790599561813,63871,65887,61377.4655020899
202605,P158 Villa el Salvador - PVS,39.271881720430756,40.96213709677418,36.981595266169094,67050,57701,68120.24442613944
202602,P158 Villa el Salvador - PVS,39.11578125,36.97432291666667,36.981595266169094,60036,58813,61943.89460791104
202602,P110 Corpac - PVS,38.708593749999984,37.86692708333334,33.73046601200038,49538,52766,65509.233362321895
202606,P158 Villa el Salvador - PVS,38.61997222222189,39.625736111111124,36.981595266169094,58425,54738,62557.850578079015
202602,1198 Cusco Wanchaq - PVH,38.55291666666666,33.02203125,37.12487890603274,65336,64106,56431.153251777076
202601,1198 Cusco Wanchaq - PVH,38.45780241935483,32.68355510752689,37.12487890603274,70812,72842,63000.27538729386
202602,P105 Salamanca - PVS,38.27864583333333,35.217968750000004,35.76242179585583,62899,68342,69895.46049114769
202603,P158 Villa el Salvador - PVS,37.89996639784947,37.45244623655913,36.981595266169094,72993,68114,68513.9599810041
202601,P105 Salamanca - PVS,37.87174059139785,36.95680107526883,35.76242179585583,67004,68081,76707.51420749389
202604,P158 Villa el Salvador - PVS,37.6004027777773,40.6713125,36.981595266169094,67717,55825,64284.1347429593
202601,P158 Villa el Salvador - PVS,37.0924260752688,38.304818548387104,36.981595266169094,65523,58094,66518.69714907587
202605,P110 Corpac - PVS,37.07290322580663,40.0674260752688,33.73046601200038,59548,56071,70019.47158274481
202604,P192 Sullana - PVH,37.067527777777336,39.86480555555556,38.91402969668492,76970,70330,76587.85023628366
202602,P192 Sullana - PVH,37.01864583333333,41.11776041666666,38.91402969668492,85216,76328,83887.64343205748
202606,P192 Sullana - PVH,36.99961805555529,40.18622222222223,38.91402969668492,67863,64318,70630.52809033923
202603,P105 Salamanca - PVS,36.659159946236564,37.390819892473125,35.76242179585583,77160,74135,78039.43107464294
202603,P159 Acho - PVH,36.60167338709677,35.69717741935484,31.443465596679005,58101,59576,68357.87186025118
202606,P110 Corpac - PVS,36.556236111111176,37.22215972222224,33.73046601200038,57106,58100,68114.52959121883
202601,P192 Sullana - PVH,36.375490591397835,39.6126612903226,38.91402969668492,79811,71775,78530.16390025352
202603,1198 Cusco Wanchaq - PVH,36.041061827956995,36.16784274193549,37.12487890603274,91028,71148,70401.06093585907
202605,P192 Sullana - PVH,35.843057795699515,39.47929435483869,38.91402969668492,80080,75700,79000.43758927111
202604,1198 Cusco Wanchaq - PVH,35.67997222222234,34.259263888888896,37.12487890603274,92375,74249,69175.74474250153
202606,P105 Salamanca - PVS,34.75572916666662,37.46628472222222,35.76242179585583,71279,66487,72084.32829341356
202601,P110 Corpac - PVS,34.710450268817205,35.149879032258056,33.73046601200038,57667,62169,70583.08100614372
202605,P105 Salamanca - PVS,33.337170698925064,38.56426075268817,35.76242179585583,81508,66861,75386.96930789
202602,P159 Acho - PVH,33.161145833333336,34.84494791666667,31.443465596679005,54754,52294,59108.477291901916
202601,P159 Acho - PVH,32.74565188172043,31.654301075268826,31.443465596679005,57623,57665,58637.47888829197
202603,P110 Corpac - PVS,32.72048387096774,38.115188172043005,33.73046601200038,68611,61577,68538.8802181834
202605,P159 Acho - PVH,32.493548387096915,31.930678763440856,31.443465596679005,65196,62309,65420.908515162606
202604,P105 Salamanca - PVS,32.426916666666415,35.472159722222216,35.76242179585583,80841,71725,72670.30928820255
202605,1198 Cusco Wanchaq - PVH,32.257439516129224,34.036700268817214,37.12487890603274,100718,76297,74685.88230060031
202604,P159 Acho - PVH,32.06918749999988,32.721888888888905,31.443465596679005,62766,58651,62689.124534930095
202606,1198 Cusco Wanchaq - PVH,31.987034722222088,36.38055555555556,37.12487890603274,92936,69711,75032.56073240277
202603,P221 Barranca - PVH,31.896055107526877,32.41127016129034,29.073700348097926,104742,101057,111581.22958064523
202602,P107 Mercaderes - PVS,31.509010416666662,42.21218750000001,35.22317754154448,55835,51814,0
202606,P261 El Agustino - PVH,31.507291666666646,31.51254166666666,29.696606396863505,54632,49319,57016.047438970345
202603,P261 El Agustino - PVH,31.160678763440856,34.559159946236555,29.696606396863505,80035,71746,83393.46995088177
202605,P261 El Agustino - PVH,30.615779569892737,32.26016801075269,29.696606396863505,60712,53885,64398.84093294872
202601,P107 Mercaderes - PVS,30.585766129032255,42.73848118279569,35.22317754154448,65105,54377,0
202604,V290 Asia - VIV,30.5652569444445,51.54731944444444,96.1,63999,45611,25243.85493756505
202606,P159 Acho - PVH,30.537402777777764,32.57814583333333,31.443465596679005,62628,54122,60897.923258886636
202602,P221 Barranca - PVH,30.51015625,31.37598958333334,29.073700348097926,88574,81423,86422.56168002302
202603,P107 Mercaderes - PVS,29.70601478494624,38.33233870967742,35.22317754154448,71867,66836,0
202601,P261 El Agustino - PVH,29.701875,32.902305107526885,29.696606396863505,59721,52324,60173.33934791732
202604,P221 Barranca - PVH,29.49012499999991,29.46484722222222,29.073700348097926,93175,87671,89542.5556750748
202606,P221 Barranca - PVH,29.363249999999937,28.459423611111124,29.073700348097926,85200,79259,84195.76031229703
202602,P261 El Agustino - PVH,29.1771875,33.73859374999999,29.696606396863505,62232,52929,57191.08821738567
202604,P110 Corpac - PVS,28.869506944444453,38.98562499999999,33.73046601200038,73180,56630,66021.98799470221
202605,P221 Barranca - PVH,28.858017473118334,30.302473118279575,29.073700348097926,95801,83544,93672.44411247337
202604,P261 El Agustino - PVH,28.589749999999846,28.855652777777784,29.696606396863505,62805,59310,58338.3834619897
202604,P107 Mercaderes - PVS,28.44620138888868,35.409645833333336,35.22317754154448,71680,66676,0
202601,P221 Barranca - PVH,28.376108870967734,27.9553561827957,29.073700348097926,95641,86866,89194.56603568025
202606,P107 Mercaderes - PVS,27.76394444444441,34.11770833333334,35.22317754154448,70040,65731,0
202605,P107 Mercaderes - PVS,26.92332661290346,34.017836021505374,35.22317754154448,77117,69337,0
202601,P156 El Tambo Huancayo - PVS,26.104025537634406,26.881176075268808,27.070532526124346,58809,58410,65497.88294666574
202602,P156 El Tambo Huancayo - PVS,25.354583333333334,27.666249999999998,27.070532526124346,55233,53309,56925.58679489797
202606,P238 Grifo Mexico - PVH,25.108611111111113,25.6388125,23.582599197509253,59227,52369,118016.31445247766
202601,P199 Grifo Kio - PVS,25.004583333333343,24.78780913978494,19.647967156057994,116590,100931,124095.04450175312
202603,P156 El Tambo Huancayo - PVS,24.880954301075274,25.962049731182795,27.070532526124346,70390,94474,76494.19545779674
202603,P238 Grifo Mexico - PVH,24.764193548387095,26.265806451612917,23.582599197509253,81828,69426,87952.15387958873
202606,P156 El Tambo Huancayo - PVS,24.587208333333404,27.166562500000015,27.070532526124346,64435,57724,57171.47031394498
202605,P156 El Tambo Huancayo - PVS,24.282190860215206,26.122560483870966,27.070532526124346,71291,62649,58931.55649451858
202605,P238 Grifo Mexico - PVH,23.91991263440857,25.70368951612904,23.582599197509253,67663,54591,65572.53960213701
202604,P238 Grifo Mexico - PVH,23.790472222222245,26.80941666666667,23.582599197509253,61981,48687,73667.26905927683
202602,P199 Grifo Kio - PVS,23.455937500000008,26.034895833333337,19.647967156057994,112510,91273,123027.2464169252
202603,P199 Grifo Kio - PVS,22.592594086021517,24.393353494623657,19.647967156057994,73322,75842,97279.0048924061
202602,P238 Grifo Mexico - PVH,22.511302083333327,26.321406249999995,23.582599197509253,67371,53609,80307.72953135827
202604,P156 El Tambo Huancayo - PVS,22.21274999999999,26.809854166666668,27.070532526124346,72382,57456,54606.77498949952
202605,V290 Asia - VIV,21.966969086021496,20.958555107526884,96.1,34968,29391,6648.457734651402
202601,P238 Grifo Mexico - PVH,21.79088709677419,26.83488575268818,23.582599197509253,67034,52238,87117.01373939247
202606,V290 Asia - VIV,19.99083333333335,18.68149305555556,96.1,23646,22277,4568.053285119668
202604,P199 Grifo Kio - PVS,19.960159722222286,20.523562500000008,19.647967156057994,59602,60971,65879.56888969564
202603,P258 Chaclacayo - PVS,19.74588037634409,19.310685483870966,17.464859694273773,63266,68339,76421.77623319862
202604,P258 Chaclacayo - PVS,19.270854166666687,19.674715277777775,17.464859694273773,60380,54531,62135.3623502513
202605,P258 Chaclacayo - PVS,18.696633064516107,19.503326612903223,17.464859694273773,63508,54738,64065.809258510984
202606,P258 Chaclacayo - PVS,18.44913194444443,20.332666666666668,17.464859694273773,52064,46408,56402.98072494544
202605,P199 Grifo Kio - PVS,18.405342741935453,19.537385752688177,19.647967156057994,44414,35604,36815.08808288975
202602,P220 Trujillo Valcarcel - PVS,18.38463541666667,12.534322916666667,13.189776457714554,45356,50909,65440.15139052326
202601,P220 Trujillo Valcarcel - PVS,17.83743951612903,12.958797043010756,13.189776457714554,48849,55690,72636.04372458074
202606,P199 Grifo Kio - PVS,17.810236111111138,16.90811111111111,19.647967156057994,30904,29267,26192.663251746377
202602,P258 Chaclacayo - PVS,17.303489583333338,19.28869791666667,17.464859694273773,65856,60708,64405.788153500136
202604,V019 Pardo - VIV,16.999791666666855,,,,,
202601,P258 Chaclacayo - PVS,16.431323924731185,16.528938172043016,17.464859694273773,68004,67368,65993.62656648735
202601,P180 Centro Trujillo - PVE,15.18280241935484,10.449946236559143,10.653753026634384,43713,52483,73720.96620190908
202605,P220 Trujillo Valcarcel - PVS,14.87476478494623,25.072842741935485,13.189776457714554,63291,32884,63211.8242089197
202605,P215 Magdalena - PVS,14.859005376344063,13.646848118279571,13.971887755419019,85039,79424,76118.49781626769
202602,P180 Centro Trujillo - PVE,14.6375,10.847604166666667,10.653753026634384,43798,50739,61057.26902752271
202606,P220 Trujillo Valcarcel - PVS,14.61668055555555,21.98150694444444,13.189776457714554,57601,37078,58760.52739670874
202604,P220 Trujillo Valcarcel - PVS,14.425152777777784,25.65339583333334,13.189776457714554,64034,31366,61307.10991898904
202603,P220 Trujillo Valcarcel - PVS,14.322668010752686,24.53448252688172,13.189776457714554,69811,32585,62586.084885250384
202601,P193 Trujillo Mansiche - PVS,14.290772849462362,12.797768817204304,11.712938172043014,76714,62760,131760.14977041513
202602,P193 Trujillo Mansiche - PVS,14.234375,11.806041666666665,11.712938172043014,156793,66528,112215.14865819039
202604,P215 Magdalena - PVS,14.108402777777787,12.791770833333338,13.971887755419019,81376,83437,73824.87633426211
202603,P215 Magdalena - PVS,13.856471774193544,14.219737903225809,13.971887755419019,89209,83243,89093.9643511807
202601,P216 Proceres - PVS,13.356310483870963,14.21221102150538,13.971887755419019,81075,72853,77960.37733537698
202602,P206 La Paz - PVS,13.223177083333333,14.35239583333333,14.845130740132706,70360,66419,67875.89366094006
202602,P215 Magdalena - PVS,13.203645833333335,13.5653125,13.971887755419019,78001,70440,77186.18723384223
202603,P206 La Paz - PVS,13.191471774193545,14.575241935483872,14.845130740132706,80805,74643,75184.08964110092
202601,P215 Magdalena - PVS,12.809388440860216,12.254610215053766,13.971887755419019,82734,81243,83871.14895376257
202602,P216 Proceres - PVS,12.806666666666667,14.469218750000001,13.971887755419019,82298,67948,82599.21786534488
202605,P206 La Paz - PVS,12.591673387096812,14.370510752688176,14.845130740132706,88301,69598,66639.25784941632
202605,P216 Proceres - PVS,12.588756720430125,14.90750672043011,13.971887755419019,99585,72109,78881.52206007663
202604,P216 Proceres - PVS,12.48454861111111,12.239791666666669,13.971887755419019,94552,85315,76504.64446977968
202601,P206 La Paz - PVS,12.200416666666666,12.81917338709678,14.845130740132706,79900,79628,72045.69236353111
202606,P215 Magdalena - PVS,12.196138888888889,14.990159722222224,13.971887755419019,92869,68936,70758.32927562413
202603,P193 Trujillo Mansiche - PVS,12.185974462365591,25.868245967741938,11.712938172043014,231397,120140,196971.9495580317
202603,P180 Centro Trujillo - PVE,12.099650537634407,19.660826612903225,10.653753026634384,60831,39166,75154.42741147726
202604,P206 La Paz - PVS,11.92663888888889,11.196597222222225,14.845130740132706,83744,89315,70382.08816008446
202605,P180 Centro Trujillo - PVE,11.90094086021507,20.247735215053766,10.653753026634384,58631,35993,65816.99639995454
202603,P216 Proceres - PVS,11.899764784946232,13.952298387096777,13.971887755419019,105768,83055,85152.73266767804
202605,P193 Trujillo Mansiche - PVS,11.7764180107527,24.927244623655916,11.712938172043014,84108,44103,99416.53662779393
202606,P180 Centro Trujillo - PVE,11.755041666666664,17.149270833333336,10.653753026634384,55417,39633,61182.246666545434
202603,P219 La Perla - PVS,11.68087365591398,11.426323924731184,11.788780293634797,85657,87587,88788.684404031
202604,P193 Trujillo Mansiche - PVS,11.649458333333332,23.256479166666665,11.712938172043014,97980,59339,117521.43141039924
202603,P181 Supermercados SKA - PVE,11.446317204301074,11.245584677419355,10.04229432420742,67714,72466,86396.57360057271
202604,P180 Centro Trujillo - PVE,11.293381944444421,20.467076388888888,10.653753026634384,59532,35625,65712.53362545454
202602,P181 Supermercados SKA - PVE,11.270937499999999,10.876145833333334,10.04229432420742,58115,63412,75343.30449528182
202604,P198 Chorrillos Iglesias - PVS,11.149006944444443,9.896638888888889,10.042294324207418,57072,61981,59235.84191971481
202606,P193 Trujillo Mansiche - PVS,11.10326388888887,22.99436805555555,11.712938172043014,81273,41985,85402.56433587248
202606,P206 La Paz - PVS,11.061798611111136,12.786520833333336,14.845130740132706,89651,73258,62331.27492090571
202605,P219 La Perla - PVS,10.878084677419388,11.374717741935484,11.788780293634797,77060,79725,75857.67820975081
202604,P181 Supermercados SKA - PVE,10.748305555555552,11.566430555555556,10.04229432420742,64089,63187,71589.76943814485
202601,P181 Supermercados SKA - PVE,10.677305107526884,10.428682795698927,10.04229432420742,63462,72009,82633.76673791064
202605,P181 Supermercados SKA - PVE,10.546948924731183,10.489415322580646,10.04229432420742,65774,71737,73813.94962833887
202603,P207 Villa Marina - PVS,10.406102150537633,10.015786290322582,10.042294324207418,62177,67538,67737.98719085919
202602,P219 La Perla - PVS,10.3534375,11.282552083333334,11.788780293634797,81351,73759,81269.88167870932
202603,P198 Chorrillos Iglesias - PVS,10.326223118279572,11.035443548387098,10.042294324207418,68503,63958,71490.50034008658
202605,X209 Bolognesi - PVE,10.197936827956996,10.761512096774196,10.023956063077975,52881,49199,52188.079587348715
202601,P219 La Perla - PVS,10.150094086021507,10.818669354838711,11.788780293634797,89639,86800,90012.55573258485
202603,P191 Cine Rimac - PVS,10.095147849462366,10.022466397849465,10.04229432420742,73555,68484,69574.49525411549
202602,P198 Chorrillos Iglesias - PVS,10.078645833333333,11.65203125,10.042294324207418,59849,52597,65449.88747398363
202601,P207 Villa Marina - PVS,10.047399193548388,8.543340053763444,10.042294324207418,57948,65097,64228.781300024944
202606,P181 Supermercados SKA - PVE,10.042423611111126,10.875374999999998,10.04229432420742,63858,63160,68616.06454204215
202601,P198 Chorrillos Iglesias - PVS,9.961122311827957,11.140020161290323,10.042294324207418,64610,56982,73433.91674175039
202602,P191 Cine Rimac - PVS,9.9559375,10.000364583333333,10.04229432420742,63035,60405,65381.70258735373
202604,X209 Bolognesi - PVE,9.933631944444443,9.658930555555557,10.023956063077975,50603,52319,50615.535424065565
202606,X209 Bolognesi - PVE,9.926048611111133,10.154958333333333,10.023956063077975,49149,49866,51008.83987145052
202601,P191 Cine Rimac - PVS,9.743501344086022,9.950866935483873,10.04229432420742,64714,61258,67231.47522897227
202602,P207 Villa Marina - PVS,9.718802083333333,9.298072916666667,10.042294324207418,58155,58454,58912.66636886717
202604,P219 La Perla - PVS,9.671423611111116,9.717895833333333,11.788780293634797,89430,93757,73571.91587227223
202605,P198 Chorrillos Iglesias - PVS,9.567795698924739,10.326599462365593,10.042294324207418,68767,58592,61076.21775449285
202604,P191 Cine Rimac - PVS,9.540999999999993,9.282243055555556,10.04229432420742,71246,70822,67766.15641104606
202602,X209 Bolognesi - PVE,9.457239583333333,10.049010416666665,10.023956063077975,51398,48026,50066.15874430495
202606,P219 La Perla - PVS,9.328715277777784,10.940611111111112,11.788780293634797,76833,79067,70515.87636668808
202604,P207 Villa Marina - PVS,9.279229166666669,8.366993055555557,10.042294324207418,66058,67377,56126.44133933853
202603,X209 Bolognesi - PVE,9.273353494623658,9.979798387096775,10.023956063077975,61046,56015,58583.96467468952
202606,P198 Chorrillos Iglesias - PVS,8.97025694444445,10.322569444444444,10.042294324207418,66352,56207,56773.04254324344
202605,P191 Cine Rimac - PVS,8.79897177419356,9.921041666666667,10.04229432420742,80486,64598,63706.33574817998
202605,P207 Villa Marina - PVS,8.744495967741932,9.086686827956987,10.042294324207418,71932,64438,57870.213084584815
202601,X209 Bolognesi - PVE,8.73019489247312,9.635819892473119,10.023956063077975,56360,52727,52504.135272356085
202606,P207 Villa Marina - PVS,8.351194444444442,9.094166666666666,10.042294324207418,69354,60839,53792.800664865514
202603,P208 La Victoria PVS,8.249086021505379,8.238548387096776,8.15218945648789,67139,56164,58636.34029255465
202604,P208 La Victoria PVS,8.182076388888888,8.044652777777777,8.15218945648789,60956,53572,54492.47700523679
202606,P191 Cine Rimac - PVS,8.135458333333341,10.501166666666666,10.04229432420742,79720,57155,59220.21599849263
202603,P422 Art Express - PVS,8.016458333333334,8.008978494623658,7.859186862423198,38864,34374,37009.73682032012
202605,P208 La Victoria PVS,7.993360215053784,8.64617607526882,8.15218945648789,66918,52242,57451.24247906956
202602,P208 La Victoria PVS,7.767604166666666,8.852239583333333,8.15218945648789,59966,45806,59272.734187432936
202601,P208 La Victoria PVS,7.603138440860216,8.768111559139788,8.15218945648789,61208,49112,64884.80383377677
202606,P216 Proceres - PVS,7.504631944444443,13.39970138888889,13.971887755419019,152499,75587,73326.78487219028
202604,P422 Art Express - PVS,7.356513888888887,7.452083333333334,7.859186862423198,39798,35962,33837.896738595184
202602,P422 Art Express - PVS,7.157187500000001,8.120520833333332,7.859186862423198,38726,28980,34306.5498275821
202606,P422 Art Express - PVS,6.873319444444445,7.995944444444445,7.859186862423198,37727,33333,32432.333937586267
202603,X210 Santa Cruz - PVE,6.870020161290324,7.01293682795699,7.422565370066353,54713,51045,50698.00793100135
202605,P422 Art Express - PVS,6.833608870967752,8.134348118279572,7.859186862423198,42337,34728,34889.18634967493
202606,P208 La Victoria PVS,6.715236111111115,8.781597222222224,8.15218945648789,70705,49390,53405.59847434733
202601,P138 Jiron de la Union - PVE,6.695114247311828,6.48511424731183,6.44273868727599,22571,21588,24633.241964854733
202605,P138 Jiron de la Union - PVE,6.611095430107537,6.3822311827957,6.44273868727599,23509,21976,21966.780459295285
202602,X210 Santa Cruz - PVE,6.473906250000001,7.123697916666666,7.422565370066353,48295,44608,42558.2870949072
202602,P138 Jiron de la Union - PVE,6.423854166666667,6.253958333333333,6.44273868727599,22783,20334,20405.459848874405
202604,P138 Jiron de la Union - PVE,6.27438194444444,5.58677777777778,6.44273868727599,24250,24854,21285.951729012795
202601,P422 Art Express - PVS,6.0871774193548385,6.798373655913981,7.859186862423198,46198,36709,37544.72207688694
202601,X210 Santa Cruz - PVE,5.8854099462365586,6.406223118279572,7.422565370066353,54648,52250,46630.07027136575
202603,P138 Jiron de la Union - PVE,5.724381720430108,6.226471774193549,6.44273868727599,26983,22963,22703.842946305413
202606,P138 Jiron de la Union - PVE,5.394229166666665,5.915388888888889,6.44273868727599,23899,22360,20376.016050327267
202606,X210 Santa Cruz - PVE,5.305611111111113,5.880340277777779,7.422565370066353,61882,56187,44707.452040538046
202604,X210 Santa Cruz - PVE,4.633902777777777,6.397368055555557,7.422565370066353,74105,54128,49195.81961145271
202605,X210 Santa Cruz - PVE,4.486491935483868,6.196223118279571,7.422565370066353,80186,55241,45816.24480822321
202602,V116 Javier Prado - VIV,1.6483854166666667,53.40390625,,,57575,
202601,,,,,,,0
202601,P075 Trujillo - PVH,,110.49481182795691,87.90909030832518,,99535,0
202601,P178 Multiplaza - PVS,,22.812614247311828,,,,0
202601,P264 E-Commerce Non Food,,,,,,0
202601,V019 Pardo - VIV,,,,,,0
202601,V116 Javier Prado - VIV,,52.87093413978494,,,61822,
202601,V254 Destinos del Sabor - VIV,,,,,,0
202601,Z991 Back Office Plaza Vea,,,,,,0
202601,Z992 Back Office Vivanda,,,,,,0
202601,Z993 Retail Media - Pv,,,,,,0
202602,,,,,,,0
202602,P075 Trujillo - PVH,,104.9054166666666,87.90909030832518,,86662,0
202602,P178 Multiplaza - PVS,,24.64734375,,,,0
202602,P264 E-Commerce Non Food,,,,,,0
202602,V019 Pardo - VIV,,,,,,0
202602,V254 Destinos del Sabor - VIV,,,,,,0
202602,Z991 Back Office Plaza Vea,,,,,,0
202602,Z992 Back Office Vivanda,,,,,,0
202602,Z993 Retail Media - Pv,,,,,,0
202603,,,,,,,0
202603,P075 Trujillo - PVH,,7.768776881720433,87.90909030832518,,,0
202603,P178 Multiplaza - PVS,,20.89528225806452,,,,0
202603,P264 E-Commerce Non Food,,,,,,0
202603,V019 Pardo - VIV,,,,,,0
202603,V254 Destinos del Sabor - VIV,,,,,,0
202603,Z991 Back Office Plaza Vea,,,,,,0
202603,Z992 Back Office Vivanda,,,,,,0
202603,Z993 Retail Media - Pv,,,,,,0
202604,,,,,,,0
202604,P075 Trujillo - PVH,,0.018229166666666668,87.90909030832518,,,0
202604,P178 Multiplaza - PVS,,,,,,0
202604,P264 E-Commerce Non Food,,,,,,0
202604,V254 Destinos del Sabor - VIV,,,,,,0
202604,Z991 Back Office Plaza Vea,,,,,,0
202604,Z992 Back Office Vivanda,,,,,,0
202604,Z993 Retail Media - Pv,,,,,,0
202605,,,0.03095430107526882,,,,0
202605,P075 Trujillo - PVH,,,87.90909030832518,,,0
202605,P178 Multiplaza - PVS,,,,,,0
202605,P264 E-Commerce Non Food,,,,,,0
202605,V254 Destinos del Sabor - VIV,,,,,,0
202605,Z991 Back Office Plaza Vea,,,,,,0
202605,Z992 Back Office Vivanda,,,,,,0
202605,Z993 Retail Media - Pv,,,,,,0
202606,,,,,,,0
202606,P075 Trujillo - PVH,,,87.90909030832518,,,0
202606,P178 Multiplaza - PVS,,,,,,0
202606,P264 E-Commerce Non Food,,,,,,0
202606,V254 Destinos del Sabor - VIV,,,,,,0
202606,Z991 Back Office Plaza Vea,,,,,,0
202606,Z992 Back Office Vivanda,,,,,,0
202606,Z993 Retail Media - Pv,,,,,,0
